{
  "display": {
    "icon": {
      "item": "minecraft:nether_star"
    },
    "title": "The Power in a star",
    "description": "Kill the wither and obtain his nether star",
    "frame": "challenge",
    "show_toast": true,
    "announce_to_chat": true,
    "hidden": false
  },
  "criteria": {
    "wither_kill": {
      "trigger": "minecraft:inventory_changed",
      "conditions": {
        "items": [
          {
            "items": [
              "minecraft:nether_star"
            ],
            "count": {
              "min": 1,
              "max": 1
            }
          }
        ]
      }
    }
  },
  "rewards": {
    "experience": 4,
    "recipes": [
      "minecraft:wither_skeleton_spawn_egg",
      "minecraft:spawner"
    ]
  },
  "parent": "minecraft:nether/summon_wither"
}