{
        "display": {
                  "background": "minecraft:textures/block/stone.png",
          "icon": {
            "item": "minecraft:dried_kelp_block"
          },
          "title": "The "used" biome",
          "description": "Visit the waseland, the land where there is no life",
          "frame": "challenge",
          "show_toast": true,
          "announce_to_chat": true,
          "hidden": false
        },
    "criteria": {
      "easter_egg_adv": {
  "trigger": "minecraft:location",
  "conditions": {
    "biome": "tarodata:easter_egg"
  }
}
    }
    ,
    "rewards": {
        "experience": 11



    }
}
