{
  "type": "minecraft:crafting_shaped",
  "pattern": [
    "012",
    "345"
  ],
  "key": {
    "0": {
      "item": "minecraft:spruce_planks"
    },
    "1": {
      "item": "minecraft:spruce_planks"
    },
    "2": {
      "item": "minecraft:spruce_planks"
    },
    "3": {
      "item": "minecraft:spruce_planks"
    },
    "4": {
      "item": "minecraft:spruce_planks"
    },
    "5": {
      "item": "minecraft:spruce_planks"
    }
  },
  "result": {
    "item": "minecraft:spruce_trapdoor",
    "count": 4
  }
}