{
  "display": {
    "icon": {
      "item": "minecraft:bone_meal"
    },
    "title": "Fertilize your crops!",
    "description": "Obtain Bone Meal",
    "frame": "task",
    "show_toast": true,
    "announce_to_chat": true,
    "hidden": false
  },
  "criteria": {
    "bone_meal_adv": {
      "trigger": "minecraft:inventory_changed",
      "conditions": {
        "items": [
          {
            "items": [
              "minecraft:bone_meal"
            ],
            "count": {
              "min": 1,
              "max": 64
            }
          }
        ]
      }
    }
  },
  "parent": "minecraft:adventure/kill_a_mob"
}