{
  "display": {
    "icon": {
      "item": "minecraft:coal"
    },
    "title": "Smelting Power",
    "description": "Mine Coal from the caves",
    "frame": "task",
    "show_toast": true,
    "announce_to_chat": true,
    "hidden": false
  },
  "criteria": {
    "coal_adv": {
      "trigger": "minecraft:inventory_changed",
      "conditions": {
        "items": [
          {
            "items": [
              "minecraft:coal"
            ],
            "count": {
              "min": 1,
              "max": 64
            }
          }
        ]
      }
    }
  },
  "rewards": {
    "experience": 3
  },
  "parent": "minecraft:story/mine_stone"
}