{
  "display": {
    "icon": {
      "item": "minecraft:copper_ingot"
    },
    "title": "Bronze Metal",
    "description": "Mine copper from caves",
    "frame": "task",
    "show_toast": true,
    "announce_to_chat": true,
    "hidden": false
  },
  "criteria": {
    "copper_adv": {
      "trigger": "minecraft:inventory_changed",
      "conditions": {
        "items": [
          {
            "items": [
              "minecraft:raw_copper"
            ],
            "count": {
              "min": 1,
              "max": 64
            }
          }
        ]
      }
    }
  },
  "rewards": {
    "experience": 3
  },
  "parent": "tarodata:coal_adv"
}