{
  "display": {
    "icon": {
      "item": "minecraft:gold_ingot"
    },
    "title": "Gold for all!",
    "description": "Mine gold from caves",
    "frame": "task",
    "show_toast": true,
    "announce_to_chat": true,
    "hidden": false
  },
  "criteria": {
    "gold_adv": {
      "trigger": "minecraft:inventory_changed",
      "conditions": {
        "items": [
          {
            "items": [
              "minecraft:raw_gold"
            ],
            "count": {
              "min": 1,
              "max": 64
            }
          }
        ]
      }
    }
  },
  "rewards": {
    "experience": 5
  },
  "parent": "minecraft:story/mine_stone"
}