{
  "display": {
    "icon": {
      "item": "minecraft:spawner"
    },
    "title": "The ultimate technology",
    "description": "Craft a mob spawner",
    "frame": "goal",
    "show_toast": true,
    "announce_to_chat": true,
    "hidden": false
  },
  "criteria": {
    "craft_spawner": {
      "trigger": "minecraft:inventory_changed",
      "conditions": {
        "items": [
          {
            "items": [
              "minecraft:spawner"
            ],
            "count": {
              "min": 1,
              "max": 1
            }
          }
        ]
      }
    }
  },
  "rewards": {
    "experience": 10,
    "recipes": [
      "minecraft:spawner",
      "minecraft:creeper_spawn_egg",
      "minecraft:skeleton_spawn_egg",
      "minecraft:spider_spawn_egg",
      "minecraft:witch_spawn_egg",
      "minecraft:wither_skeleton_spawn_egg",
      "minecraft:zombie_spawn_egg",
      "minecraft:zombified_piglin_spawn_egg",
      "minecraft:piglin_spawn_egg",
      "minecraft:creeper_spawn_egg",
      "minecraft:skeleton_spawn_egg"
    ]
  },
  "parent": "minecraft:adventure/kill_a_mob"
}